port,zone_id,zone_risk_score
Antwerp,1,0.9392493725696193
Busan,2,0.544794886748129
Colombo,0,0.7330966251184435
Djibouti,0,0.7330966251184435
Dubai,0,0.7330966251184435
Hamburg,3,0.26507570742055564
Hong_Kong,2,0.544794886748129
Karachi,0,0.7330966251184435
Mumbai,0,0.7330966251184435
Piraeus,3,0.26507570742055564
Rotterdam,1,0.9392493725696193
Shanghai,2,0.544794886748129
Singapore,0,0.7330966251184435
